director_id,tmdb_id,name
0,2178,Forest Whitaker
1,2226,Sydney Pollack
2,7879,John Lasseter
3,4945,Joe Johnston
4,638,Michael Mann
5,37710,Peter Hyams
6,10702,Martin Campbell
7,26502,Howard Deutch
8,18357,Peter Hewitt
9,56106,Charles Shyer
10,14639,Mel Brooks
11,3026,Rob Reiner
12,21879,Simon Wells
13,3110,Allison Anders
14,3111,Alexandre Rockwell
15,2294,Robert Rodriguez
16,138,Quentin Tarantino
17,52629,Joseph Ruben
18,16938,Renny Harlin
19,1152,Oliver Stone
20,1032,Martin Scorsese
21,4489,Steve Oedekerk
22,1614,Ang Lee
23,5174,Barry Sonnenfeld
24,15148,Jon Amiel
25,56349,Victor Salva
26,15798,Lesli Linka Glatter
27,56710,Oliver Parker
28,6111,Mike Figgis
29,2419,Jean-Pierre Jeunet
30,13680,Marc Caro
31,7187,Richard Donner
32,7017,Roger Michell
33,60295,John N. Smith
34,2352,Jean-Jacques Annaud
35,58137,Chris Noonan
36,280,Terry Gilliam
37,12952,Christopher Hampton
38,16730,Darrell James Roodt
39,17167,Andy Tennant
40,57434,Amy Heckerling
41,77867,Stephen Low
42,504,Tim Robbins
43,33315,Richard Loncraine
44,11447,Albert Hughes
45,11448,Allen Hughes
46,52405,Michael Hoffman
47,5216,Gus Van Sant
48,4014,Paul W. S. Anderson
49,65530,Mike Gabriel
50,65531,Eric Goldberg
51,7467,David Fincher
52,55439,Patricia Rozema
53,3047,Jocelyn Moorhouse
54,9032,Bryan Singer
55,100505,Richard W. Munchkin
56,1243,Woody Allen
57,128107,Gianni Amelio
58,140354,Ulu Grosbard
59,71338,Holly Goldberg Sloan
60,30586,Robert Tinnell
61,38527,Robert Lepage
62,28898,Michael Radford
63,1038,Jodie Foster
64,7908,Frank Oz
65,18356,Stephen Herek
66,19304,John Schlesinger
67,49361,Bill Bennett
68,69721,Farhad Mann
69,57870,Jason Bloom
70,35137,Josiane Balasko
71,45649,Paris Barclay
72,15890,James Foley
73,37932,F. Gary Gray
74,5656,Noah Baumbach
75,70850,Andrew Sipes
76,16862,Claude Lelouch
77,10296,Michael Goldenberg
78,58712,Steve Miner
79,25735,Christian Duguay
80,1080309,Susanne Ofteringer
81,18069,Brian Gibson
82,2228,Sean Penn
83,120229,Jafar Panahi
84,13496,Marleen Gorris
85,5501,Gary Fleder
86,117075,Henry Jaglom
87,27771,Tim Reid
88,55038,Philip Haas
89,578,Ridley Scott
90,29009,Ken Kwapis
91,58448,Penelope Spheeris
92,12840,John Badham
93,72624,John Duigan
94,5140,Wes Craven
95,3224,Stephen Frears
96,11401,John Woo
97,34849,Ted Demme
98,2406,Mathieu Kassovitz
99,11181,Kenneth Branagh
100,92561,Nick Broomfield
101,23213,Harold Becker
102,5655,Wes Anderson
103,14692,Nick Castle
104,21053,John Dahl
105,190,Clint Eastwood
106,17494,Dennis Dugan
107,196823,David Gumpel
108,64077,Robert Leacock
109,18969,Doris Dörrie
110,180597,James Bruce
111,2461,Mel Gibson
112,44916,Stanley Tong Gwai-Lai
113,184475,Mort Ransen
114,82293,Jon Blair
115,23393,Barbet Schroeder
116,20849,Étienne Chatiliez
117,12989,Andrew Davis
118,81020,Benjamin Ross
119,36147,Charles T. Kanganis
120,68185,Eric Schaeffer
121,16589,Peter MacDonald
122,68215,Reginald Hudlin
123,12453,Wong Kar-Wai
124,65314,Giuseppe Tornatore
125,17883,David O. Russell
126,122583,Bryan Gordon
127,41670,Rebecca Miller
128,125543,Michael Lindsay-Hogg
129,15175,William Friedkin
130,45382,Dirk Shafer
131,1077999,Mark Rappaport
132,84445,Craig Baldwin
133,12920,David S. Ward
134,114997,Ángel Muñiz
135,1080311,Sandip Ray
136,93911,Terence Davies
137,18250,Jon Avnet
138,2045994,Jerzy Kaszubowski
139,5342,Mike Nichols
140,56828,Christopher Cain
141,12833,Edward Burns
142,1285121,Jakov Sedlar
143,865,Michael Bay
144,30365,Michael Caton-Jones
145,65390,Scott Kalvert
146,10723,Mike Newell
147,793,Luis Buñuel
148,19665,John Boorman
149,91343,Hal Hartley
150,6159,Ron Howard
151,46391,Paul Auster
152,39819,Wayne Wang
153,39104,Abel Ferrara
154,5572,Joel Schumacher
155,11887,Brad Silberling
156,664,Frank Marshall
157,5281,Spike Lee
158,893,Tony Scott
159,21712,Carl Franklin
160,17447,Terry Zwigoff
161,19224,Gregg Araki
162,1090,John McTiernan
163,3415,Jerry Zucker
164,1978,Iain Softley
165,68774,Christopher Menaul
166,56998,Dwight H. Little
167,59997,Robert Longo
168,252806,Christopher Ashley
169,58316,John Fortenberry
170,33279,Danny Cannon
171,51917,Larry Clark
172,42617,Antonia Bird
173,6400,Tom DiCillo
174,31211,Clive Barker
175,19303,Kevin Smith
176,38516,Denys Arcand
177,42111,Bryan Spicer
178,54469,Michael Almereyda
179,26487,Norman René
180,11472,Irwin Winkler
181,44847,David Anspaugh
182,10965,Chris Columbus
183,56714,Daisy von Scherler Mayer
184,16863,Todd Haynes
185,28902,Gregory Widen
186,8965,Roland Joffé
187,1258359,Phillip Byrd
188,5306,Lasse Hallström
189,408,James Keach
190,10491,Paul Verhoeven
191,14392,Kathryn Bigelow
192,24882,Jacques Demy
193,17880,Wesley Strick
194,21370,Roger Donaldson
195,63713,Martha Coolidge
196,20237,Beeban Kidron
197,32277,Geoff Murphy
198,1128,Agnieszka Holland
199,22767,Alfonso Arau
200,3092,Diane Keaton
201,588623,Douglas Keeve
202,73494,Desmond Nakano
203,1723,Walter Hill
204,8300,Kevin Reynolds
205,43468,Guy Ferland
206,17309,Greg Beeman
207,1364800,Milcho Manchevski
208,82796,Nikita Mikhalkov
209,564,Richard Linklater
210,44990,Peter Horton
211,57691,Tamra Davis
212,19969,Pat O'Connor
213,225065,René Bonnière
214,25210,Jeremy Leven
215,18378,Herbert Ross
216,8246,Barry Levinson
217,27991,Stuart Gordon
218,58154,Jack Baran
219,3556,Roman Polanski
220,56205,Atom Egoyan
221,1201,Garry Marshall
222,7904,Billy Crystal
223,7396,Peter Farrelly
224,148119,Phillip Borsos
225,510,Tim Burton
226,15775,Kevin Lima
227,8844,Lawrence Kasdan
228,57090,Brett Leonard
229,87695,Carlo Carlei
230,129534,Art Clokey
231,108,Peter Jackson
232,67794,Gérard Corbiau
233,122449,Steve James
234,57851,Bernard Rose
235,97755,Charles Burnett
236,548480,Mark Lewis
237,64061,Fred Schepisi
238,17016,Neil Jordan
239,1203,J.F. Lawton
240,62043,Michael Gottlieb
241,56872,Arne Glimcher
242,8858,Ivan Reitman
243,54441,James Ivory
244,1,George Lucas
245,58094,Gillian Armstrong
246,11218,Alfonso Cuarón
247,19069,Claude Chabrol
248,15488,Ken Loach
249,9181,Edward Zwick
250,20561,James Gray
251,58463,Glenn Gordon Caron
252,15912,Stephen Gyllenhaal
253,55476,Nicholas Hytner
254,27444,James Orr
255,9248,Nora Ephron
256,24318,Richard Benjamin
257,56911,Les Mayfield
258,5065,David Frankel
259,16395,Gregory Nava
260,54971,Marc Rocco
261,6729,Robert Benton
262,17278,Nick Gomez
263,10781,Michael Apted
264,63937,Albert Pyun
265,7256,Lee Tamahori
266,13563,Norman Jewison
267,5231,Wolfgang Petersen
268,23757,Joshua Brand
269,6495,Mira Nair
270,4135,Robert Redford
271,994323,Kayo Hatta
272,23724,Patrice Chéreau
273,16214,Mario Van Peebles
274,9789,Robert Altman
275,7623,Sam Raimi
276,12804,Peter Yates
277,1126,Krzysztof Kieślowski
278,77305,He Ping
279,45642,Fred Gerber
280,1524,Harold Ramis
281,26648,Luis Llosa
282,107274,Richard Rich
283,102445,John Sayles
284,101444,Scott McGehee
285,101446,David Siegel
286,2034,Danny Boyle
287,4027,Frank Darabont
288,6046,Roland Emmerich
289,72646,Tomás Gutiérrez Alea
290,72647,Juan Carlos Tabío
291,58072,John Pasquin
292,64030,Kelly Makin
293,15521,Ernest R. Dickerson
294,607,Zhang Yimou
295,2380,David Carson
296,141825,Rusty Cundieff
297,72629,Geoff Burton
298,91499,Kevin Dowling
299,11770,John Carpenter
300,56891,Rachel Talalay
301,13426,Peter Segal
302,58080,Brian Gilbert
303,1230367,Mina Shum
304,15389,Louis Malle
305,12962,Jon Turteltaub
306,1884,Steven Soderbergh
307,3045,P.J. Hogan
308,76705,Preston A. Whitmore II
309,83313,Melanie Mayron
310,27889,Stephan Elliott
311,13015,Phillip Noyce
312,4037,Ron Shelton
313,4499,Tom Shadyac
314,16853,Jessie Nelson
315,21085,Alex Proyas
316,13581,Brian Levant
317,24,Robert Zemeckis
318,6482,John Singleton
319,81727,Darnell Martin
320,41550,Andrew Bergman
321,57314,Wolfgang Reitherman
322,226963,Ray Müller
323,1012004,Takashi Masunaga
324,239865,Toshiyuki Hiruma
325,4956,Bernardo Bertolucci
326,7399,Ben Stiller
327,26713,Chuck Russell
328,18281,Donald Petrie
329,72427,Alan Rudolph
330,2209,Jan de Bont
331,83588,Robert Allan Ackerman
332,2710,James Cameron
333,33485,Ron Underwood
334,42301,Damian Harris
335,46085,Luis Mandoki
336,323,Curtis Hanson
337,158634,Suri Krishnamma
338,234793,Yves Angelo
339,4590,Russ Meyer
340,67896,Doug McHenry
341,72125,Jefery Levy
342,1142481,Paul Warner
343,35689,Keenen Ivory Wayans
344,1726,Steven E. de Souza
345,532207,Vincent Robert
346,486,Wallace Wolodarsky
347,80537,Dave Borthwick
348,129216,Theodore Thomas
349,1382436,Lucas Platt
350,1385254,Ross Kagan Marks
351,220152,Paul Williams
352,4040,Robert Wuhl
353,16401,Roberto Sneider
354,53599,Andrew Morahan
355,16513,John G. Avildsen
356,88060,Jeff Pollack
357,7145,Michael Lehmann
358,15106,Thomas Schlamme
359,12988,Paul Michael Glaser
360,78188,Whit Stillman
361,42171,Jonathan Kaplan
362,1901,Caroline Thompson
363,4610,John Landis
364,2042,Stephen Hopkins
365,32765,Tony Richardson
366,14800,Jennifer Lynch
367,380,Robert De Niro
368,57107,Adam Resnick
369,61175,John Whitesell
370,8843,Mick Jackson
371,1150,Brian De Palma
372,66548,Paul Weiland
373,21806,Richard Rush
374,18308,Steve Barron
375,12964,Michael Ritchie
376,27236,Gregg Champion
377,58838,Marco Brambilla
378,86,Bruce Brown
379,1895,Carl Reiner
380,20640,Chen Kaige
381,2690,Peter Weir
382,50949,Alek Keshishian
383,10967,Steve Kloves
384,18254,Simon Wincer
385,17784,John Irvin
386,52358,Boaz Yakin
387,172993,Rose Troche
388,39996,Sidney Lumet
389,5696,Bruce Beresford
390,12936,Jim Abrahams
391,65859,Christopher Monger
392,94996,Julianna Lavin
393,19684,Bille August
394,1223,Joel Coen
395,77733,Eric Meza
396,3388,James L. Brooks
397,774,Daniel Petrie Jr.
398,53334,Jim Sheridan
399,230059,Matty Rich
400,58498,Dominic Sena
401,488,Steven Spielberg
402,8297,Roger Avary
403,90037,James Lapine
404,40549,Daniel Petrie
405,224,David Cronenberg
406,2523,Stuart Baird
407,119232,Tom Noonan
408,46230,Nagisa Ōshima
409,2239,Anthony Minghella
410,65452,Mike Leigh
411,16939,Michael Tolkin
412,57206,Sally Potter
413,16294,Jonathan Demme
414,10757,Jane Campion
415,29482,Stuart Orme
416,141450,Mel Smith
417,14911,Penny Marshall
418,648,Philip Kaufman
419,9168,Alan Parker
420,44056,Fred Dekker
421,138322,Victor Nuñez
422,15858,Tim Hunter
423,21377,Peter Medak
424,65026,Geoffrey Wright
425,127283,Cyril Collard
426,2260,Steven Zaillian
427,8969,Chris Menges
428,2823995,Arkadiy Cherniyenko
429,4786,Richard Attenborough
430,10367,John Waters
431,33405,Gillies MacKinnon
432,6558,Gordon Parks
433,54590,Steve Rash
434,63943,Rowdy Herrington
435,58164,Annabel Jankel
436,58165,Rocky Morton
437,45645,Deran Sarafian
438,78012,François Girard
439,41549,Andrew Fleming
440,53387,Heywood Gould
441,16566,George P. Cosmatos
442,57646,Henry Selick
443,21113,D. A. Pennebaker
444,115891,Chris Hegedus
445,1212571,Jerry Ciccoritti
446,5970,Pier Paolo Pasolini
447,74299,Pixote Hunt
448,70241,Jennifer Warren
449,20718,Claude Berri
450,85547,Mark Malone
451,66605,Todd Solondz
452,2778,Dennis Hopper
453,6220,Gurinder Chadha
454,69696,Daniel Algrant
455,309,Pedro Almodóvar
456,3030,Andrew Scheinman
457,10828,Guillermo del Toro
458,91565,Åke Sandgren
459,1006705,Eva Sereny
460,67593,Leslie Megahey
461,1174031,George T. Miller
462,105114,Ricky Tognazzi
463,1354907,Rémy Duchemin
464,109402,Rob Epstein
465,109403,Jeffrey Friedman
466,67756,Michael Austin
467,31024,Betty Thomas
468,1066960,María Luisa Bemberg
469,69488,Nanni Moretti
470,1269,Kevin Costner
471,171042,Steve Cohen
472,15811,John Musker
473,15810,Ron Clements
474,5446,David Hand
475,11426,Ben Sharpsteen
476,67373,William Cottrell
477,564042,Larry Morey
478,52218,Perce Pearce
479,11434,Wilfred Jackson
480,11429,Hamilton Luske
481,74565,Jack Kinney
482,11427,Bill Roberts
483,11432,T. Hee
484,226599,Norman Ferguson
485,125340,Yuri Mamin
486,62047,Gary Trousdale
487,62048,Kirk Wise
488,7767,Sam Peckinpah
489,134026,Huang Jianxin
490,78258,C.M. Talkington
491,2338436,Bengt von zur Mühlen
492,1080040,Jean Bach
493,54967,Sam Weisman
494,15557,Bill Condon
495,70616,Gerald Potterton
496,58338,John Bruno
497,70707,John Halas
498,2888351,Julian Harris
499,67268,Jimmy T. Murakami
500,1879400,Barrie Nelson
501,71852,Paul Sabella
502,1773189,Jack Stokes
503,57290,Pino Van Lamsweerde
504,1693752,Harold Whitaker
505,116607,Stephen Poliakoff
506,4755,David R. Ellis
507,24657,Franco Zeffirelli
508,55948,Alan Smithee
509,176246,Kevin Yagher
510,32278,Matt Reeves
511,75474,Anna Campion
512,37526,Fernando Trueba
513,2135236,Vern Oakley
514,116103,Bill Couturié
515,6818,Werner Herzog
516,96627,André Téchiné
517,54767,Mika Kaurismäki
518,78029,Martin Lawrence
519,1044284,Férid Boughedir
520,17812,Gregory Hoblit
521,72619,Stacy Title
522,952327,Larry Leker
523,173004,Clement Virgo
524,974388,Hal Salwen
525,69719,Bruno Barreto
526,70835,Jonathan R. Betuel
527,73496,Richard Pearce
528,230320,Todd Verow
529,21217,Jonathan Lynn
530,34682,Jeremiah S. Chechik
531,20773,Tim Sullivan
532,69537,Hervé Palud
533,219492,Ed Herzog
534,20789,Claude Sautet
535,68998,Carlo Rola
536,43440,Martin Enlen
537,2182,Pen Densham
538,1869,Sönke Wortmann
539,18878,Rob Cohen
540,105617,Park Cheol-su
541,14614,Joseph Vilsmaier
542,26595,Michael Verhoeven
543,9740,René Clément
544,4173,Anthony Hopkins
545,559920,Richard Wherrett
546,15254,Emir Kusturica
547,96934,Bo Widerberg
548,47773,Paul Mazursky
549,12160,Satyajit Ray
550,23677,Joe Pytka
551,30021,Jim Mallon
552,53767,Roger Vadim
553,3015258,Helen De Michiel
554,98094,Brett Piper
555,3776,Jean-Luc Godard
556,20556,Bertrand Tavernier
557,1080036,Michael Blakemore
558,3097,Gordon Willis
559,172,Michael Winterbottom
560,104404,Norberto Barba
561,73838,Steven Baigelman
562,1046169,Pat Verducci
563,1661328,Barry Caillier
564,11147,John Cassavetes
565,56059,Patrick Read Johnson
566,15111,Jean-Claude Van Damme
567,43786,Robert Mandel
568,81964,Stijn Coninx
569,104507,Steve Gomer
570,59438,Mark Joffe
571,129708,Stacy Cochran
572,1016352,Angela Pope
573,4429,Jim Jarmusch
574,1585647,Betty Kaplan
575,25950,Jean-Paul Rappeneau
576,1175207,Tom DeCerchio
577,31310,Jack Hill
578,71792,George Scribner
579,108499,Manuel Gómez Pereira
580,129941,Alan Shapiro
581,64909,Jean-Marie Poiré
582,1265554,Luis Cook
583,53304,Peter Lord
584,1119483,Peter Peake
585,1119834,Dave Alex Riddett
586,53329,David Sproxton
587,7314,Nick Park
588,1244465,Richard Starzak
589,940684,Brett Thompson
590,125934,Gaylene Preston
591,124237,Stephen Quay
592,124238,Timothy Quay
593,19266,Larry Cohen
594,18500,Phil Joanou
595,29706,Harvey Miller
596,87680,Michele Soavi
597,70792,David Hogan
598,16988,Maurice Pialat
599,564791,Gabriel Barylli
600,64796,Tom Holland
601,145304,Udayan Prasad
602,81976,Abraham Polonsky
603,65548,Rick Friedberg
604,28239,David Twohy
605,97579,Guy Maddin
606,93906,Robert Z. Leonard
607,14860,Victor Saville
608,114468,Kevin James Dobson
609,223825,Freida Lee Mock
610,17268,Ronny Yu
611,366,James Mangold
612,1009298,Goran Paskaljević
613,16378,Mary Harron
614,122728,Charles Matthau
615,1776,Francis Ford Coppola
616,1079380,Djibril Diop Mambéty
617,1177451,Jean-Pierre Bekolo
618,1153142,Gaston Kaboré
619,4415,Federico Fellini
620,990400,Victoria Foyt
621,21415,Robby Henson
622,1214396,Scott Winant
623,1042212,Thomas C. Grane
624,7395,Bobby Farrelly
625,240364,Richard Gordon
626,240366,Carma Hinton
627,592762,Lucian Pintilie
628,544331,Gyula Gazdag
629,262130,Mel Chionglo
630,2064794,Purusha Larkin
631,41521,Gérard Mordillat
632,36521,Laurent Heynemann
633,18320,Bronwen Hughes
634,56539,Nicole Holofcener
635,77076,Michael Corrente
636,28615,Éric Rohmer
637,66076,Fraser Clarke Heston
638,40230,Kevin Hooks
639,2357,Howard Franklin
640,1059880,Ildikó Enyedi
641,14132,Nicolas Roeg
642,15042,Arlene Sanford
643,1177777,Alex Graves
644,56201,Peter Sehr
645,1870,Gernot Roll
646,87397,Paul Turner
647,225140,Maurizio Nichetti
648,48685,Rolf Silber
649,81749,Manoel de Oliveira
650,71110,John Payson
651,28904,Hugh Wilson
652,7678,Hart Bochner
653,119310,Annette Haywood-Carter
654,183036,Doug Ellin
655,179609,Nigel Finch
656,518,Danny DeVito
657,71950,Diarmuid Lawrence
658,65602,Tim Pope
659,92554,Harry Winer
660,1080308,John Rubino
661,10953,Gilbert Adler
662,1232954,Lee David Zlotoff
663,107730,Trần Anh Hùng
664,117808,Marcus DeLeon
665,1519118,Don Featherstone
666,7482,Julian Schnabel
667,24485,Nicole Garcia
668,587603,Keisuke Kinoshita
669,252740,Leone Pompucci
670,523675,Jack O'Connell
671,1112331,Zheng Jun-li
672,124092,Lisa Krueger
673,1187932,Hugo Ng Doi-Yung
674,133259,Arthur Hiller
675,9340,Lana Wachowski
676,9339,Lilly Wachowski
677,1155073,John Ruane
678,1276348,Peter Shaner
679,64219,Daniel Schmid
680,69042,Tim Metcalfe
681,232119,Izidore K. Musallam
682,69300,Gene Saks
683,205639,Jim McKay
684,508,David Koepp
685,13776,John Frankenheimer
686,42175,Richard Stanley
687,69741,David Mickey Evans
688,17046,Gary Winick
689,6361,Nick Hamm
690,1726049,Rafael Moleón
691,24346,Roy Allen Smith
692,28889,Theo van Gogh
693,55116,Joe Chappelle
694,33054,Keith Gordon
695,98750,Trevor Nunn
696,14353,Max Ophüls
697,10790,Sam Wood
698,13284,Stanley Donen
699,13294,Gene Kelly
700,14674,George Cukor
701,13980,Vincente Minnelli
702,2636,Alfred Hitchcock
703,1927,Blake Edwards
704,30165,Mark Sandrich
705,2662,Frank Capra
706,41634,Giuseppe De Santis
707,3146,Billy Wilder
708,6593,John Huston
709,4109,Michael Curtiz
710,10001,William Wyler
711,80570,Walter Lang
712,9049,Victor Fleming
713,40,Orson Welles
714,240,Stanley Kubrick
715,10601,Joseph L. Mankiewicz
716,108914,Mitchell Leisen
717,30008,Leo McCarey
718,2428,Ernst Lubitsch
719,29595,Rouben Mamoulian
720,67426,William Keighley
721,834,Otto Preminger
722,18738,George Stevens
723,74659,Gregory La Cava
724,2746,Elia Kazan
725,11435,Howard Hawks
726,32427,W.S. Van Dyke
727,20412,Michael Anderson
728,14643,William A. Wellman
729,8741,Victor Sjöström
730,31497,John Cromwell
731,81165,Archie Mayo
732,33064,Henry Koster
733,95293,Busby Berkeley
734,14999,George A. Romero
735,50302,James Edward Grant
736,13348,Howard Hughes
737,2000,Lewis Milestone
738,3632,Richard Brooks
739,2891,Josef von Sternberg
740,14855,Frank Borzage
741,78053,Edwin L. Marin
742,148849,Victor Schertzinger
743,72467,Thaddeus O'Sullivan
744,35452,Corey Yuen Kwai
745,1063201,Chris Newby
746,86051,Joshua Logan
747,1468019,Allan Miller
748,68212,Carroll Ballard
749,549024,Lance Young
750,76462,Richard Schenkman
751,21371,Amy Holden Jones
752,4756,Matthew Broderick
753,26767,Ringo Lam Ling-Tung
754,86293,Robert M. Young
755,27846,John Herzfeld
756,55152,Campbell Scott
757,2283,Stanley Tucci
758,35155,John Gray
759,584483,René Gainville
760,1081886,John C. Walsh
761,71825,Reb Braddock
762,27146,Rob Lieberman
763,87459,Norman Foster
764,5834,Robert Stevenson
765,6592,Duwayne Dunham
766,19032,John Hough
767,29715,David Swift
768,83413,Norman Tokar
769,30099,Charles Barton
770,56506,William Dear
771,35318,Ken Annakin
772,2087,Richard Fleischer
773,64864,Clyde Geronimi
774,103344,Harold Young
775,9082,Harold D. Schuster
776,5691,Samuel Armstrong
777,25558,Don Chaffey
778,55117,Matthew Bright
779,1744,Robert Wise
780,67607,Art Stevens
781,67604,Ted Berman
782,1006852,Iara Lee
783,11151,Nick Cassavetes
784,31,Tom Hanks
785,46946,Joseph Bologna
786,56105,Renée Taylor
787,59649,Michael Pressman
788,1158,Al Pacino
789,67570,Hettie Macdonald
790,884,Steve Buscemi
791,54448,Ismail Merchant
792,9200,John McNaughton
793,11694,Doug Liman
794,6201,Baz Luhrmann
795,56852,Tad Stones
796,12114,Michael Cimino
797,324,Scott Silver
798,32919,Anthony Asquith
799,64114,Edward Dmytryk
800,1083461,Anna Maria Tatò
801,3451,Mel Stuart
802,25630,Jack Clayton
803,71938,Jan Bucquoy
804,10707,Terry Jones
805,8929,Charles Crichton
806,6448,Arthur Penn
807,14520,John Sturges
808,123827,Frédéric Mitterrand
809,716,Emile Ardolino
810,16544,Ted Kotcheff
811,6349,Alan J. Pakula
812,1096170,Sam Henry Kass
813,2765,Nicholas Ray
814,144130,Michael Covert
815,56746,Greg Spence
816,928583,Hugo van Lawick
817,939320,Michael Kreihsl
818,1124024,Temístocles López
819,57227,Marie Pérennou
820,57226,Claude Nuridsany
821,134205,John Francis Sullivan
822,47005,Alan Taylor
823,229263,Benoît Jacquot
824,107490,Jaco Van Dormael
825,46802,George Ratliff
826,621628,David Van Taylor
827,89814,R. J. Cutler
828,3974,Miloš Forman
829,53345,Rich Wilkes
830,1086972,Peter Cohn
831,16672,Ate de Jong
832,21958,Mark Rydell
833,259792,Gustavo Graef-Marino
834,2219290,Aaron Speiser
835,1115333,Bruce LaBruce
836,1388631,Rick Castro
837,932368,Russ Hexter
838,34611,Howard Zieff
839,109635,Michael Ray Rhodes
840,1415878,Sharon Pollack
841,27877,Frans Weisz
842,1080611,Susan W. Dryfoos
843,65608,Leon Gast
844,159767,John L'Ecuyer
845,612525,Kurt Miller
846,1903661,Peter Speek
847,81930,Alfred L. Werker
848,121585,Raúl Ruiz
849,38494,Daniel Vigne
850,87240,Jerzy Łukaszewicz
851,40199,Anthony Mann
852,89914,Elliott Nugent
853,70854,Jean Delannoy
854,82389,Norman Z. McLeod
855,10249,Volker Schlöndorff
856,933201,Martine Dugowson
857,54839,Eric Red
858,22020,Barbara Kopple
859,1038016,Nina Menkes
860,82442,Phillip Rhee
861,30309,Peter Greenaway
862,21175,Michel Blanc
863,36804,Peter Chelsom
864,55916,Gabriele Salvatores
865,18533,Errol Morris
866,107831,Jennie Livingston
867,69500,Lou Adler
868,10930,Irvin Kershner
869,4385,Sergio Leone
870,12238,David Lean
871,19542,Nelson Shin
872,8966,Bruce Robinson
873,8482,Robert Mulligan
874,2303,Wim Wenders
875,19800,Richard Marquand
876,15378,Carol Reed
877,59,Luc Besson
878,5026,Akira Kurosawa
879,8500,John Ford
880,8452,Andrei Tarkovsky
881,4964,Hal Ashby
882,9577,George Roy Hill
883,6648,Ingmar Bergman
884,372,Tom Stoppard
885,68687,Bill Forsyth
886,87565,Savage Steve Holland
887,68,Fritz Lang
888,55790,Allan Moyle
889,37451,Jean-Jacques Beineix
890,185,Katsuhiro Otomo
891,13265,Franklin J. Schaffner
892,52968,Russell Mulcahy
893,13859,Stuart Rosenberg
894,4065,Fred Zinnemann
895,5690,James Algar
896,11428,Paul Satterfield
897,11430,Jim Handley
898,1094239,Ford Beebe Jr.
899,13848,Charlie Chaplin
900,16187,Jeannot Szwarc
901,68993,Godfrey Reggio
902,12300,Fred M. Wilcox
903,23968,Phil Alden Robinson
904,227875,John G. Young
905,105802,Doug Pray
906,110834,John Murlowski
907,34721,Larry Bishop
908,135163,Susan Streitfeld
909,116799,Greta Schiller
910,83555,Carl Prechezer
911,144256,Herb Gardner
912,186758,Jon Sherman
913,2455813,Anne Haugsgjerd
914,52194,Tony Randel
915,1673596,Steve White
916,56982,Tom Berry
917,35256,Damiano Damiani
918,18627,Paul Morrissey
919,62556,Fred Walton
920,178486,Jeffrey Bloom
921,56141,Irvin S. Yeaworth Jr.
922,2917,James Whale
923,1035,Paul Schrader
924,18669,J. Lee Thompson
925,29648,Dan Curtis
926,9076,F. W. Murnau
927,10400,Barbra Streisand
928,19450,Bob Rafelson
929,33433,Scott Hicks
930,1979,Kevin Spacey
931,22676,Ole Bornedal
932,2388,Jonathan Frakes
933,42,Lars von Trier
934,879,Billy Bob Thornton
935,12329,Vittorio De Sica
936,15189,Michelangelo Antonioni
937,69238,Bruce Sinofsky
938,69237,Joe Berlinger
939,95972,Hans Petter Moland
940,37626,Patrice Leconte
941,9888,Claire Denis
942,1788,Nicholas Meyer
943,1749,Leonard Nimoy
944,1748,William Shatner
945,56755,Patricia Birch
946,8876,Randal Kleiser
947,1202000,Daniel J. Sullivan
948,86004,Joseph H. Lewis
949,8558,Joe Alves
950,13235,Alexander Payne
951,11649,Cameron Crowe
952,5657,Anjelica Huston
953,59635,Jerry Zaks
954,17403,Mike Judge
955,1495632,Martin Donovan
956,69099,Dan Ireland
957,68319,Robert Harling
958,2589,Terry George
959,13,Albert Brooks
960,118441,Murray Lerner
961,10215,Paul McCartney
962,127716,Robert Young
963,101767,Robert Butler
964,28741,Michael Rymer
965,5058,Roger Christian
966,52038,Thomas Carter
967,5005,François Dupeyron
968,1488665,Christopher C. Frieri
969,16838,Steven Paul
970,2355,Andrew Birkin
971,34651,Peter Baldwin
972,68928,E. Max Frye
973,932805,Stefan Schwietert
974,1196269,George Gage
975,1196271,Beth Gage
976,11688,Jan Svěrák
977,13524,Christopher Guest
978,58922,Craig Rosenberg
979,6198,Vondie Curtis-Hall
980,130938,Sergei Bodrov
981,120870,Paul Miller
982,69353,Stephen Kessler
983,47974,Bob Spiers
984,5602,David Lynch
985,82307,Merzak Allouache
986,33541,Mark Christopher
987,137392,Nickolas Perry
988,1597203,Tom Donaghy
989,107131,Peter Spirer
990,120515,Theodore Witcher
991,112674,Rolf de Heer
992,68750,Robert Townsend
993,61411,Mark Dindal
994,54733,Greg Mottola
995,142513,Emma-Kate Croghan
996,77121,Randall Miller
997,26760,Tsui Hark
998,52044,David Winning
999,50099,Shuki Levy
1000,58294,George Armitage
1001,51575,Leslie Greif
1002,1215282,Lynne Stopkewich
1003,2691,Tom Schulman
1004,73622,Alex Sichel
1005,61335,Peter Duncan
1006,48663,Nana Dzhordzhadze
1007,356,Jack N. Green
1008,58178,David Mirkin
1009,1032175,Seth Zvi Rosenfeld
1010,6737,Jay Roach
1011,7213,Jonathan Mostow
1012,938945,Gregor Nicholas
1013,974866,Mo Ogrodnik
1014,2628,Kiefer Sutherland
1015,74063,Daniel Taplitz
1016,92108,L.A. Puopolo
1017,1487726,Philip Goodhew
1018,4724,Kevin Bacon
1019,56209,Jean-Pierre Dardenne
1020,45138,Luc Dardenne
1021,6817,Agnès Varda
1022,68707,Masayuki Suō
1023,171000,Joe Mantello
1024,83284,Dee McLachlan
1025,36083,Kevin Allen
1026,2171,Griffin Dunne
1027,8403,David Hare
1028,55299,Mark Herman
1029,118020,Jacques Doillon
1030,133420,Clare Peploe
1031,2880,Emilio Estevez
1032,12786,Simon West
1033,222216,Laetitia Masson
1034,1143633,Julia Dyer
1035,66496,Adrienne Shelly
1036,7847,Jim Wilson
1037,84692,Finn Taylor
1038,60050,Dana Lustig
1039,56435,Stephen Kay
1040,1078811,Yvonne Rainer
1041,17520,Cédric Klapisch
1042,58608,Shinya Tsukamoto
1043,120226,Mohsen Makhmalbaf
1044,1284919,Scott Michell
1045,1153467,Isabella Sandri
1046,181826,Shirley Barrett
1047,8328,John Milius
1048,87130,Mark A.Z. Dippé
1049,1270,Charles Martin Smith
1050,58689,Neil LaBute
1051,64099,Sam Pillsbury
1052,19142,Kenneth Johnson
1053,1103,Bill Duke
1054,80307,Andy Cadiff
1055,11091,Brett Ratner
1056,70765,John Nicolella
1057,18139,Tony Vitale
1058,61069,Miguel Arteta
1059,66121,George Tillman Jr.
1060,51984,Mimi Leder
1061,11419,Robert Kurtzman
1062,586698,Matthew Harrison
1063,77211,Félix Alcalá
1064,533977,John Patrick Kelley
1065,2513741,Daisy Chan
1066,115362,Gavin Wilding
1067,65115,Keith Samples
1068,57630,Peter Cattaneo
1069,229097,Lionel C. Martin
1070,18844,John Madden
1071,18596,Taylor Hackford
1072,33254,Jim Gillespie
1073,28487,Andy Wilson
1074,54050,Mark Waters
1075,8685,Andrew Niccol
1076,77104,Charles Sturridge
1077,21155,Jim Kouf
1078,7671,Jeb Stuart
1079,1286930,John O'Hagan
1080,51864,Kasi Lemmons
1081,27436,Costa-Gavras
1082,59874,Robert Downey Sr.
1083,77086,Jonas Pate
1084,74429,Josh Pate
1085,4762,Paul Thomas Anderson
1086,88077,Alex Zamm
1087,26714,John R. Leonetti
1088,1230252,Peter Howitt
1089,3192,Billy Hopkins
1090,40345,Don Bluth
1091,12881,Gary Goldman
1092,78725,Agnès Merlet
1093,3087,Robert Duvall
1094,84896,Sean Mathias
1095,240071,Louis Saïa
1096,1215,Raja Gosnell
1097,2963248,Joel B. Marsden
1098,4572225,Monika Harris
1099,3777692,Goetz Grossmann
1100,1704,Gore Verbinski
1101,107168,Stephen Kijak
1102,1058100,Cindy Sherman
1103,138736,David Rocksavage
1104,56983,Rodney Gibbons
1105,1352792,Seth Michael Donsky
1106,1724,Roger Spottiswoode
1107,4137,Richard Friedenberg
1108,4566,Alan Rickman
1109,49855,Gaël Morel
1110,96972,Alain Berliner
1111,2021909,Anna Thew
1112,139593,Jorge Fons
1113,57777,Darin Scott
1114,4501,Dean Semler
1115,41795,Manny Coto
1116,30149,Mikael Salomon
1117,94155,Stefan Schwartz
1118,9182,Marshall Herskovitz
1119,18694,Bret Michaels
1120,7775,Stephen Sommers
1121,138653,Brian Evans
1122,65401,Charlie Peters
1123,107762,Aleksandr Sokurov
1124,20907,Antoine Fuqua
1125,72182,Mark Pavia
1126,57370,Frank Coraci
1127,1214641,Millicent Shelton
1128,228797,Richard Kwietniowski
1129,42113,Zalman King
1130,86557,David Breashears
1131,90225,Stephen Judson
1132,90223,Greg MacGillivray
1133,974699,Jonathan Darby
1134,41472,Peter O'Fallon
1135,2460,Randall Wallace
1136,120218,John Roberts
1137,3317,Takeshi Kitano
1138,36187,Bob Gosse
1139,11614,M. Night Shyamalan
1140,56381,James Toback
1141,72258,Steve Boyum
1142,17087,Michael Moore
1143,558905,Craig Lahiff
1144,1255,David Mamet
1145,121829,Barnet Kellman
1146,51851,Jake Kasdan
1147,48965,Anthony Hickox
1148,568291,John Johnson
1149,87033,Julie Davis
1150,64,Gary Oldman
1151,1213162,Todd Holland
1152,62410,Sammo Hung Kam-Bo
1153,7736,Pål Sletaune
1154,119294,Abbas Kiarostami
1155,123150,Mike van Diem
1156,16376,Larry David
1157,47924,Carl Schenkel
1158,58036,Kirk Wong Chi-Keung
1159,77919,Tim McCanlies
1160,543662,Viacheslav Kryshtofovych
1161,526847,Leonid Boyko
1162,145134,Jill Sprecher
1163,1069294,James F. Robinson
1164,8108,John Warren
1165,229519,Thom Fitzgerald
1166,50582,Frederik Du Chau
1167,6449,Warren Beatty
1168,258199,Michael Martin
1169,85549,Antonio Tibaldi
1170,57579,Don Roos
1171,95760,Erik Skjoldbjærg
1172,1713585,David Elvin
1173,1093532,Martin Gates
1174,4522,Caroline Link
1175,13615,Harry Elfont
1176,13614,Deborah Kaplan
1177,588701,Des McAnuff
1178,75699,Lisa Cholodenko
1179,33317,David Leland
1180,1031288,Tiffanie DeBartolo
1181,93133,Christopher Scott Cherot
1182,4883,Manuel Pradal
1183,4575,Marc Evans
1184,66190,Tony Bancroft
1185,66191,Barry Cook
1186,12523,Rob Bowman
1187,73282,Paddy Breathnach
1188,212165,Chris Eyre
1189,22461,Vincent Gallo
1190,4600,Joe Dante
1191,6431,Darren Aronofsky
1192,1030415,Susan Skoog
1193,145605,Harry Beaumont
1194,21311,Wesley Ruggles
1195,34740,Edmund Goulding
1196,72061,Frank Lloyd
1197,49214,William Dieterle
1198,3359,Laurence Olivier
1199,14875,Robert Rossen
1200,8636,Cecil B. DeMille
1201,18868,Jerome Robbins
1202,67451,Delbert Mann
1203,58220,Hugh Hudson
1204,31493,Alex Cox
1205,55983,Jim Henson
1206,62020,Jack Sholder
1207,11505,John Hughes
1208,35475,Sean S. Cunningham
1209,64195,Joseph Zito
1210,64722,John Carl Buechler
1211,58822,Danny Steinmann
1212,63550,Tom McLoughlin
1213,64735,Rob Hedden
1214,33341,Rick Rosenthal
1215,11777,Tommy Lee Wallace
1216,32813,Dominique Othenin-Girard
1217,44130,Paul Lynch
1218,92438,Bruce Pittman
1219,180868,Clay Borris
1220,65678,John Lafia
1221,10051,Tobe Hooper
1222,28976,Jack Bender
1223,33094,Gary Sherman
1224,57922,William Peter Blatty
1225,1035941,Theresa Connelly
1226,7501,Ronald Neame
1227,15657,Vincent McEveety
1228,47893,Gary Nelson
1229,109455,Austen Jewell
1230,109452,Jack Donohue
1231,7270,Adrian Lyne
1232,1121922,Gabriele Crisanti
1233,33316,David Nutter
1234,186518,Jeff Blyth
1235,11809,Rupert Wainwright
1236,29646,Charles Jarrott
1237,51516,Steven Hilliard Stern
1238,61677,Burny Mattinson
1239,61678,David Michener
1240,65310,Kenny Ortega
1241,89685,Fletcher Markle
1242,12987,David Zucker
1243,17698,Nancy Meyers
1244,226493,Sandra Goldbacher
1245,10146,Jacques Tourneur
1246,71732,Peter Masterson
1247,67750,Liliana Cavani
1248,225898,István Szabó
1249,128947,Jeremy Kagan
1250,65298,Brian Henson
1251,74297,Hendel Butoy
1252,69003,John Lounsbery
1253,154,Walter Murch
1254,65874,Xavier Koller
1255,275022,Harve Foster
1256,12859,Steven Lisberger
1257,18855,Ralph S. Singleton
1258,16384,Ralph Bakshi
1259,21819,Lewis Teague
1260,3027,Stephen King
1261,66987,Fritz Kiersch
1262,17871,John Hamburg
1263,141310,Ulrike Koch
1264,130816,Jesse Peretz
1265,106834,Charles August Nichols
1266,106835,Iwao Takamoto
1267,3663,Jerry Lewis
1268,64949,Phil Nibbelink
1269,70663,Martin Rosen
1270,1044,Michael Chapman
1271,55668,Jamie Uys
1272,69331,Ethan Wiley
1273,87767,Richard Martin
1274,70777,Kevin Rodney Sullivan
1275,223312,Chuck Parello
1276,72191,Pupi Avati
1277,1195866,Peter George
1278,10808,Stephen Norrington
1279,111247,Alan Cohn
1280,37948,Brad Anderson
1281,12991,Pat Proft
1282,19798,Randa Haines
1283,9198,Vincent Ward
1284,4387,François Ozon
1285,51950,Robert Bierman
1286,126125,Bill Plympton
1287,72450,Bob Saget
1288,933,William Nicholson
1289,931244,Jack Hulbert
1290,1547332,Paul Murray
1291,130222,André Charlot
1292,119324,Adrian Brunel
1293,1511795,Hugh Croise
1294,113162,Seymour Hicks
1295,5877,Vincenzo Natali
1296,57154,Lance Hool
1297,16327,Timothy Hutton
1298,16837,Mark Steven Johnson
1299,42974,Troy Byer
1300,11057,Robert Towne
1301,26265,Lina Wertmüller
1302,57138,Tony Bill
1303,253869,Tamar Simon Hoffs
1304,84657,Lewis John Carlino
1305,57383,Paul Brickman
1306,143279,Peter Sellars
1307,146225,Silvio Narizzano
1308,19707,Charles Band
1309,98199,Jerry Schatzberg
1310,43792,Sidney Hayers
1311,68085,Carl Schultz
1312,707,Dan Aykroyd
1313,15239,Terry Hughes
1314,1351146,Caroline Thomas
1315,3180,David Veloz
1316,116653,Lance Mungia
1317,42994,David Dobkin
1318,59958,Jamie Blanks
1319,37630,Shekhar Kapur
1320,32154,Piers Haggard
1321,78157,Lindsay Anderson
1322,51677,Gordon Douglas
1323,201278,Susanna Styron
1324,18863,Eric Darnell
1325,52870,Tim Johnson
1326,554474,John Pieplow
1327,40307,John Maybury
1328,82286,Marc Levin
1329,15115,Stefan Ruzowitzky
1330,107065,Arthur Marks
1331,1043813,Evan Dunsky
1332,5345,Bennett Miller
1333,23964,Gary Ross
1334,13367,John Harrison
1335,4818,Roberto Benigni
1336,814,Tony Kaye
1337,34517,Trey Parker
1338,2163,Richard LaGravenese
1339,139874,Hype Williams
1340,769,Martin Brest
1341,54563,J. Todd Anderson
1342,58728,Andrei Konchalovsky
1343,1077287,Eugene Corr
1344,55189,Bruce McDonald
1345,31439,Bryan Forbes
1346,1214034,James D. Parriott
1347,86439,Norton Virgien
1348,110873,Igor Kovalyov
1349,21013,Predrag Antonijević
1350,8574,Walter Salles
1351,4453,Thomas Vinterberg
1352,64045,Kirk Jones
1353,44763,Edward D. Wood Jr.
1354,18598,Ishirō Honda
1355,1178751,Koji Hashimoto
1356,3238,Merian C. Cooper
1357,3239,Ernest B. Schoedsack
1358,53861,Susan Seidelman
1359,6778,John Guillermin
1360,10179,John Glen
1361,41720,Jerry Paris
1362,65688,Jim Drake
1363,14995,Alan Myerson
1364,14987,Peter Bonerz
1365,20629,George Miller
1366,109004,Neil Abramson
1367,15002,Dean Parisot
1368,72197,Ferzan Özpetek
1369,36602,Peter Berg
1370,44113,Steve Hickner
1371,59803,Brenda Chapman
1372,58868,Troy Miller
1373,30038,Glenn Jordan
1374,24939,George Seaton
1375,79726,John D. Hancock
1376,16483,Sylvester Stallone
1377,5632,Jack Fisk
1378,69801,Alan Metter
1379,25598,Paul Greengrass
1380,30715,Terrence Malick
1381,54424,Maya Angelou
1382,173686,Anthony Drazan
1383,52371,J.S. Cardone
1384,12227,Willard Carroll
1385,26481,Anand Tucker
1386,686,Willard Huyck
1387,51809,Rod Amateau
1388,42309,Tibor Takács
1389,53177,Brian Robbins
1390,70565,Kurt Neumann
1391,64875,Chris Walas
1392,67753,Mark L. Lester
1393,31621,Jeff Burr
1394,58453,Peter Faiman
1395,107181,Glen Pitre
1396,57594,John Cornell
1397,1564824,Sylvia Strasser
1398,1564826,Wolfgang Würker
1399,67897,Jeff Kanew
1400,48583,Anne Fontaine
1401,57865,Álex de la Iglesia
1402,1281227,Manuela Viegas
1403,64815,Robert Iscove
1404,40223,Joe Carnahan
1405,1021557,Daphna Kastner
1406,18679,Mark Tarlov
1407,4723,Brian Helgeland
1408,68424,Michael Powell
1409,162102,Myles Berkowitz
1410,4892333,Marwan Rahbani
1411,80260,René Laloux
1412,239418,Darren Stein
1413,11806,Julia Sweeney
1414,20026,Samira Makhmalbaf
1415,3191,Risa Bramon Garcia
1416,24949,Michael Davis
1417,22814,Richard Wenk
1418,56263,Mary Lambert
1419,102709,David Price
1420,30422,Jack Smight
1421,52094,Jerry Jameson
1422,15630,James Goldstone
1423,4782,Michael Crichton
1424,18635,Ted Post
1425,19457,Mark Robson
1426,2775,Corey Allen
1427,9108,Don Taylor
1428,40187,David Lowell Rich
1429,116370,Matthew Diamond
1430,7506,Irwin Allen
1431,11873,Roger Kumble
1432,617183,P.J. Castellaneta
1433,111338,Adam Bernstein
1434,956,Guy Ritchie
1435,122842,Rich Christiano
1436,102634,Katt Shea
1437,20305,Christopher Roberts
1438,70448,Wolf Rilla
1439,12698,Bob Clark
1440,12438,Bob Balaban
1441,14597,Gaspar Noé
1442,1016047,Robert DeFranco
1443,62872,Katja von Garnier
1444,80609,Jerry London
1445,134156,Sam Miller
1446,3417,Tony Goldwyn
1447,261271,Maurice Joyce
1448,40243,Gil Junger
1449,19377,Erick Zonca
1450,107414,Philip Saville
1451,24560,Marion Vernoux
1452,85925,Hilary Brougher
1453,525,Christopher Nolan
1454,54827,Dave Meyers
1455,16435,Julio Medem
1456,941809,George Haas
1457,5066,Olivier Ducastel
1458,5067,Jacques Martineau
1459,263975,Bradley Battersby
1460,19840,Alejandro Amenábar
1461,33156,James Merendino
1462,1258297,Dariusz Jabłoński
1463,92012,Jennifer Baichwal
1464,50719,Rodman Flender
1465,1601536,Vaughn Christion
1466,35052,Tony Bui
1467,103586,Simon Shore
1468,1112606,Linda Kandel
1469,68381,Thom Eberhardt
1470,6011,Michael Haneke
1471,6720,Joan Chen
1472,161858,David Raynr
1473,25645,Hirokazu Kore-eda
1474,234358,Leslie Woodhead
1475,222441,Bud Greenspan
1476,57832,Daniel Lee
1477,40439,David Moreton
1478,55785,Shunji Iwai
1479,27002,Wojciech Jerzy Has
1480,44023,Amos Poe
1481,70,Karl Freund
1482,29662,Terence Fisher
1483,103346,Leslie Goodwins
1484,100793,Reginald Le Borg
1485,90375,Christy Cabanne
1486,10586,Richard Lester
1487,113799,Frank Perry
1488,64508,Sidney J. Furie
1489,1496,Tod Browning
1490,29755,Erle C. Kenton
1491,30146,Rowland V. Lee
1492,5029,Robert Siodmak
1493,30129,George Waggner
1494,25165,Roy William Neill
1495,13484,Jim Sharman
1496,114629,Philippe Mora
1497,33883,Jack Arnold
1498,81186,Andrew Solt
1499,108128,Malcolm Leo
1500,106608,Mikel Conrad
1501,13973,Christian Nyby
1502,51000,Byron Haskin
1503,9643,Robert Gordon
1504,82751,Fred F. Sears
1505,14773,Don Siegel
1506,102429,Roger Corman
1507,12345,Virgil W. Vogel
1508,15361,Josef Rusnak
1509,102329,María Ripoll
1510,10316,Theo Angelopoulos
1511,66800,Morgan J. Freeman
1512,1085268,William Roth
1513,264113,Tanya Wexler
1514,262055,Robert Meyer Burnett
1515,95550,Avi Nesher
1516,980223,Yvan Le Moine
1517,15774,Chris Buck
1518,551883,Andrew J. Kuehn
1519,63983,Roger Nygard
1520,10467,William P. Cartlidge
1521,1071,Tom Tykwer
1522,38507,Francis Veber
1523,79113,John Tatoulis
1524,140027,János Szász
1525,21678,Olivier Assayas
1526,43439,Scott Ziehl
1527,11676,Mark Pellington
1528,27977,Leos Carax
1529,49903,Tim Hill
1530,3289,Paul Weitz
1531,51866,Rick Famuyiwa
1532,26849,Daniel Myrick
1533,26850,Eduardo Sánchez
1534,59412,Michael Patrick Jann
1535,19228,Jim Fall
1536,4759,David Kellogg
1537,59646,Kinka Usher
1538,41887,Michael Polish
1539,1650,François Truffaut
1540,9868,Peter R. Hunt
1541,55264,Jerrold Freedman
1542,34262,Bertrand Blier
1543,923620,Károly Makk
1544,13488,Graeme Clifford
1545,7087,Brad Bird
1546,2291,Paul McGuigan
1547,1146748,Robert Sahakyants
1548,20133,Tod Williams
1549,1241,John Turturro
1550,20779,Gary Sinyor
1551,50583,Adam Rifkin
1552,97773,Anne Wheeler
1553,75675,Ana Kokkinos
1554,27339,Peter Hall
1555,7795,Buck Henry
1556,8820,Joseph Henabery
1557,12011,William Castle
1558,3460,Gene Wilder
1559,57073,Ian MacNaughton
1560,58384,Anthony Waller
1561,27746,Ken Finkleman
1562,99875,Masami Hata
1563,118472,William T. Hurtz
1564,85311,Masanori Hata
1565,26458,Kevin Williamson
1566,18889,Mic Rodgers
1567,60621,Jeff Franklin
1568,44931,Chuck Workman
1569,40333,Satoshi Kon
1570,1184213,Philip Frank Messina
1571,84940,Crane Wilbur
1572,1258717,Joseph Papp
1573,2892574,Bruce Minnix
1574,96439,Nanette Burstein
1575,102109,Brett Morgen
1576,1110434,Patrice Toye
1577,29524,Rand Ravich
1578,40220,Kevin Brodie
1579,22100,Hugh Johnson
1580,37036,Aris Iliopulos
1581,148455,Ziad Doueiri
1582,583,Hampton Fancher
1583,77964,Mike Barker
1584,90820,S.F. Brownrigg
1585,15663,Joseph Sargent
1586,71253,George Dunning
1587,39,Sam Mendes
1588,58021,Tinto Brass
1589,21404,Kurt Voss
1590,72005,Christian Vincent
1591,100616,Tom DeSimone
1592,32327,Ken Russell
1593,2004,George Abbott
1594,18204,Peter Kassovitz
1595,73499,Bruce McCulloch
1596,150641,Gary Halvorson
1597,79656,John Schultz
1598,36805,Audrey Wells
1599,20951,Kevin Alyn Elders
1600,942084,Mark Illsley
1601,65317,Jake Scott
1602,6295,Catherine Breillat
1603,58245,Don Coscarelli
1604,143463,Dave Fleischer
1605,29471,Richard Franklin
1606,151750,Bernard McEveety
1607,7301,Anthony Perkins
1608,2836,Kimberly Peirce
1609,103511,José Luis Garci
1610,93903,Cédric Kahn
1611,25161,Marcel Carné
1612,18899,Yuen Woo-Ping
1613,32767,John Byrum
1614,201165,Terry Sanders
1615,30249,Preston Sturges
1616,81116,Eliseo Subiela
1617,32134,Charles Vidor
1618,37360,Henry Hathaway
1619,27614,Régis Wargnier
1620,18392,Robert Aldrich
1621,9855,Terence Young
1622,14838,James Bridges
1623,9915,Guy Hamilton
1624,932993,Jamaa Fanaka
1625,18030,David Evans
1626,11805,Frank Whaley
1627,30833,William Beaudine
1628,51918,Harmony Korine
1629,102797,Robert Marcarelli
1630,9054,Mervyn LeRoy
1631,65420,Louis Morneau
1632,66777,Bob Fosse
1633,66039,Damon Santostefano
1634,72024,Malcolm D. Lee
1635,3131,Antonio Banderas
1636,21136,Michael Cristofer
1637,1081462,Suzanne Osten
1638,74590,George Pavlou
1639,1053508,David Riker
1640,5953,Spike Jonze
1641,1018072,Adam Abraham
1642,20430,Radu Mihăileanu
1643,148100,Donal Lardner Ward
1644,1742070,Toshiro Uratani
1645,20173,Don McKellar
1646,31654,Chris Smith
1647,8635,Buster Keaton
1648,109095,Oz Scott
1649,77300,Michael Schultz
1650,27992,Brian Yuzna
1651,15056,Michael Gornick
1652,10517,Clyde Bruckman
1653,143561,Sam Taylor
1654,55692,Arnold Laven
1655,41355,Dimitri Logothetis
1656,935840,Rick Roessler
1657,58040,Bruce Malmuth
1658,69667,Bob Logan
1659,68682,Boris Sagal
1660,92851,Ken Wiederhorn
1661,86035,Maria Maggenti
1662,105294,George Mendeluk
1663,138167,Peter Duffell
1664,34692,Craig Bolotin
1665,44740,Richard Shepard
1666,65429,Kunihiko Yuyama
1667,29321,Terry O. Morse
1668,89226,William Nigh
1669,29378,Daniel Pyne
1670,9894,Bernhard Wicki
1671,57142,Andrew Marton
1672,31074,Kinji Fukasaku
1673,68412,Toshio Masuda
1674,3636,Paul Newman
1675,88820,Jean Rollin
1676,108012,Hiroshi Inagaki
1677,18854,Martin Ritt
1678,51627,Thomas Rickman
1679,88939,Donald G. Jackson
1680,77003,Gavin O'Connor
1681,113102,Tom Moore
1682,25826,Mario Bava
1683,46617,Ida Lupino
1684,1080873,Victor Mignatti
1685,1957725,Scott Elliott
1686,559559,Marshall Neilan
1687,11528,Jean Renoir
1688,51875,Andrew V. McLaglen
1689,33690,Robert F. Hill
1690,95653,Steven Kampmann
1691,1120414,William Porter
1692,44623,George W. George
1693,13953,Edward F. Cline
1694,514,Jack Nicholson
1695,47399,Frank Tashlin
1696,64151,Mike Mitchell
1697,94771,Roland West
1698,24970,John Asher
1699,44878,Nathan Juran
1700,39012,Peter Bogdanovich
1701,3129,Tim Roth
1702,18898,Rob Minkoff
1703,111807,Matthew Warchus
1704,56146,Gaëtan Brizzi
1705,56147,Paul Brizzi
1706,74298,Francis Glebas
1707,12824,Don Hahn
1708,104178,Radley Metzger
1709,88458,Robert Ellis Miller
1710,3349,James B. Harris
1711,96854,Martha Fiennes
1712,32174,John English
1713,32175,William Witney
1714,32176,Franklin Adreon
1715,70298,Mario Camerini
1716,112946,Jennifer Leitzes
1717,16391,Julie Taymor
1718,543550,Julian Goldberger
1719,1455472,Aviva Kempner
1720,22812,Marion Hänsel
1721,931600,Parris Patton
1722,29571,John S. Robertson
1723,21506,George Sidney
1724,37362,Henry King
1725,26134,Roy Ward Baker
1726,56953,Gene Quintano
1727,84736,Ivan Passer
1728,34934,Bruce Timm
1729,35270,Eric Radomski
1730,44725,Curtis Harrington
1731,87267,Francesco Rosi
1732,65627,Kris Isacsson
1733,96801,Hiroshi Teshigahara
1734,148084,Alfonso Albacete
1735,148772,Miguel Bardem
1736,260050,David Menkes
1737,144045,Winchell Smith
1738,144044,Herbert Blaché
1739,93904,Irving Rapper
1740,1254,Art Linson
1741,93953,George Englund
1742,64823,Desmond Davis
1743,1074750,Mikael Kristersson
1744,1187483,William Riead
1745,108764,Mikhail Kalatozov
1746,56155,Stephen Surjik
1747,64170,Fran Rubel Kuzui
1748,63174,Rémy Belvaux
1749,47820,Benoît Poelvoorde
1750,63175,André Bonzel
1751,33,Gary Sinise
1752,54795,Troy Duffy
1753,1038645,Susan Muska
1754,1038646,Gréta Olafsdóttir
1755,43330,Ventura Pons
1756,95818,Eric Blakeney
1757,149082,Monika Treut
1758,179616,Richard Spence
1759,12009,Anthony Harvey
1760,93301,Jun Falkenstein
1761,1335917,Tina Valinsky
1762,58059,Chris Koch
1763,195399,Madhur Jaffrey
1764,31123,Rob Hardy
1765,213613,Lynn Hershman-Leeson
1766,46611,James Clavell
1767,772490,Julian Johnson
1768,24294,Ben Younger
1769,233108,Jasmin Dizdar
1770,5030,Edgar G. Ulmer
1771,40242,Max Baer Jr.
1772,87700,H. Bruce Humberstone
1773,88096,Michael Miller
1774,103910,Felix E. Feist
1775,115226,Eric Mendelsohn
1776,146848,Patrick von Krusenstjerna
1777,146847,Pontus Löwenhielm
1778,1558,Søren Kragh-Jacobsen
1779,65134,DJ Pooh
1780,11454,George Bowers
1781,114269,Jack Couffer
1782,7854,Al Reinert
1783,99916,Herschell Gordon Lewis
1784,63670,Winston Hibler
1785,19093,George Marshall
1786,585004,Aileen Ritchie
1787,168200,Jason Freeland
1788,54451,Brian G. Hutton
1789,34580,Henri Verneuil
1790,16897,Sidney Poitier
1791,142603,Julie Dash
1792,20370,Irving Pichel
1793,4081,Stanley Kramer
1794,73962,Kristine Peterson
1795,992802,J. Elder Wills
1796,28169,Paul Flaherty
1797,134639,Jim Goddard
1798,68457,James Frawley
1799,58075,Bill L. Norton
1800,1109913,Dick Zondag
1801,65855,Ralph Zondag
1802,19606,Jean Negulesco
1803,57134,James Wong
1804,8823,Raoul Walsh
1805,1027277,Christina Andreef
1806,105752,Benoît Mariage
1807,1311102,Julian Henriques
1808,78845,Arthur Lubin
1809,965039,Hal Prince
1810,122016,Carlo Lizzani
1811,19244,Michael Winner
1812,52325,Allan A. Goldstein
1813,76418,Stuart Gillard
1814,42060,Sidney Franklin
1815,70250,Newt Arnold
1816,1219210,Mark Piznarski
1817,10765,Andrzej Bartkowiak
1818,58278,Mark Hanlon
1819,110695,Majid Majidi
1820,225945,Javier Elorrieta
1821,89745,Jean Yarbrough
1822,60981,Peter Brook
1823,130424,Rafal Zielinski
1824,21544,Richard C. Sarafian
1825,236362,Alain Tanner
1826,82219,Luis Valdez
1827,147671,Carlos Ávila
1828,11834,David Seltzer
1829,65629,Bibo Bergeron
1830,2036264,Don Paul
1831,106629,David MacDonald
1832,31603,Armando Crispino
1833,121760,David Beaird
1834,50542,Eugenio Martín
1835,114337,George Fitzmaurice
1836,21227,Sergio Martino
1837,226513,Abbe Wool
1838,3431,Bruce Joel Rubin
1839,5149,Bonnie Hunt
1840,18907,Richard Quine
1841,150184,James Young
1842,95526,William Asher
1843,102521,Francis Megahy
1844,57359,Neal Israel
1845,122944,Steve Gordon
1846,11983,Alain Resnais
1847,33166,René Clair
1848,1012097,Jon Jost
1849,97205,Kon Ichikawa
1850,819,Edward Norton
1851,78523,Marek Kanievska
1852,65865,Damien O'Donnell
1853,22669,Julien Temple
1854,563031,Milton Moses Ginsberg
1855,137213,Chris Browne
1856,87521,Morton DaCosta
1857,95024,Bobcat Goldthwait
1858,19012,Davis Guggenheim
1859,71947,Gina Prince-Bythewood
1860,1769,Sofia Coppola
1861,34481,Matt Williams
1862,58005,Bharat Nalluri
1863,998589,John Swanbeck
1864,1033866,Deborah Warner
1865,46442,Adam Simon
1866,108670,John Keitel
1867,102688,Jonathan Winfrey
1868,3352476,Prayoon Wongchuen
1869,2606020,Danny Hoch
1870,68281,Justin Kerrigan
1871,29324,Francis D. Lyon
1872,4955,Dario Argento
1873,15206,Jim McBride
1874,121643,Stephen Verona
1875,89373,Martin Davidson
1876,67411,Stan Dragoti
1877,7131,Larry Karaszewski
1878,7130,Scott Alexander
1879,203953,Eric Simonson
1880,100629,Bruce Kessler
1881,1058138,Peter M. Cohen
1882,82800,Norman Taurog
1883,21452,John Rich
1884,65856,Eric Leighton
1885,57130,Todd Phillips
1886,67834,Floyd Mutrux
1887,86203,Bart Freundlich
1888,32082,Andrzej Żuławski
1889,46076,Tom Dey
1890,73256,David Miller
1891,78391,Jon Reiss
1892,79294,Herk Harvey
1893,1667069,Kang Jung-soo
1894,10076,Lewis Gilbert
1895,88664,William C. McGann
1896,101709,Edward Ludwig
1897,105153,Vicente Aranda
1898,39853,Val Guest
1899,29433,Lucio Fulci
1900,46712,Douglas Sirk
1901,34264,Marco Ferreri
1902,97618,David DeCoteau
1903,30252,Albert Lewin
1904,187067,David Allen
1905,52268,David Schmoeller
1906,94787,Joe Camp
1907,68994,Ron Fricke
1908,1086825,Gunvor Nelson
1909,107482,Richard W. Haines
1910,78021,Lloyd Kaufman
1911,78023,Michael Herz
1912,109876,Noel Black
1913,16008,James Komack
1914,43513,Graham Baker
1915,57433,George Ogilvie
1916,61824,Mick Garris
1917,63709,Craig R. Baxley
1918,9603,Sergei Eisenstein
1919,157879,Alison Maclean
1920,19842,José Luis Cuerda
1921,59248,Mick Davis
1922,1190670,Val Lik
1923,56929,William Morgan
1924,51572,Aaron Norris
1925,141824,George Jackson
1926,82505,Gordon Hessler
1927,142526,Robert Cormack
1928,222238,Joshua Meador
1929,29962,King Vidor
1930,95771,Leslie Fenton
1931,94988,Richard Talmadge
1932,17281,Mike Hodges
1933,59466,Jamie Babbit
1934,3057671,Michael Boyce
1935,3057672,Sandra Dametto
1936,88391,Jeremy Podeswa
1937,1129542,Gerald Seth Sindell
1938,21520,Sam Wanamaker
1939,69315,Luis Puenzo
1940,589173,Berit Nesheim
1941,113733,Britt Allcroft
1942,69167,Jūzō Itami
1943,48980,David McNally
1944,100516,Max Mayer
1945,1464511,John Forte
1946,133183,Robert Lee King
1947,110726,Joseph Green
1948,24248,Nigel Cole
1949,60261,Stan Winston
1950,44807,James Signorelli
1951,120685,Lionel Coleman
1952,74671,Robert Hiltzik
1953,99593,Jenniphr Goodman
1954,134146,Myles Connell
1955,151166,Frédéric Fonteyne
1956,1183661,Steven Maler
1957,22677,Max Färberböck
1958,16958,Randy Barbato
1959,16957,Fenton Bailey
1960,72468,Gerard Stembridge
1961,56512,Tarsem Singh
1962,50651,Takao Okawara
1963,1065346,Adam Collis
1964,70262,Elliot Silverstein
1965,130030,Chantal Akerman
1966,3712,Saul Rubinek
1967,82334,Leslie Norman
1968,59026,Peyton Reed
1969,1179593,Aiyana Elliott
1970,554095,Chi Muoi Lo
1971,84165,Michael Dinner
1972,51521,Robert Greenwald
1973,84211,Valerie Breiman
1974,71901,Douglas Aarniokoski
1975,31120,Robert Adetuyi
1976,141967,Benito Zambrano
1977,9033,Christopher McQuarrie
1978,66604,Joe Charbanic
1979,1237175,Rob Walker
1980,60243,Rob Schmidt
1981,173607,Bruce Paltrow
1982,193390,Jon Matthews
1983,35796,Craig Mazin
1984,9039,John Ottman
1985,144277,Fina Torres
1986,35,Sally Field
1987,88967,Greg Berlanti
1988,19143,Jason Priestley
1989,54025,Karyn Kusama
1990,34402,Edward Bernds
1991,148601,Don Weis
1992,114562,Ray Kellogg
1993,112921,Deborah Brock
1994,1062093,Carol Frank
1995,98132,Jim Wynorski
1996,98939,Sally Mattison
1997,81718,Mamoru Hosoda
1998,81853,Shigeyasu Yamauchi
1999,87465,Dein Perry
2000,99496,Raymond De Felitta
2001,21526,Rod Lurie
